Model,Accuracy,Precision,Recall,Macro F1,Weighted F1,ROC AUC,Train Time (s),Inference Time (s)
Logistic Regression,0.8507704785077048,0.5379188712522046,0.7420924574209246,0.7653257864211438,0.8597283897748441,0.9002291011774736,0.09961605072021484,0.005283832550048828
Random Forest,0.8941605839416058,0.6875,0.6690997566909975,0.8074204751399631,0.8935840635809906,0.9235518378413579,1.2028801441192627,0.045607805252075195
XGBoost,0.8905109489051095,0.6860158311345647,0.6326034063260341,0.7965209737850607,0.8887163909075908,0.9203177816849297,0.28537607192993164,0.007445096969604492
